[
    {
        "value": "666507753",
        "description": "Gonzalo: TV, Fibra, linea movil y linea fija"
    },
    {
        "value": "jacobomartinezr+3@gmail.com",
        "description": "Para pruevas de la tele"
    },
    {
        "value": "635537307",
        "description": "Usuario de laura con TV y Fibra y linea movil"
    },
    {
        "value": "607194369",
        "description": "David frutos"
    },
    {
        "value": "620372119",
        "description": "Manuel Personal"
    },
    {
        "value": "604994146",
        "description": "Con ILIMITODO"
    },
    {
        "value": "604994146",
        "description": "Tiene 4 lineas"
    },
    {
        "value": "624986346",
        "description": "Personal"
    },
    {
        "value": "fvlx_jgglm50@jevc.life",
        "description": "Con fibra"
    },
    {
        "value": "laura.arguello.martin+6@gmail.com",
        "description": "Con fibra neva"
    },
    {
        "value": "642452097",
        "description": "Con solo prepago"
    },
    {
        "value": "641462395",
        "description": "Con Fibra y Pospagos"
    }
]
